uuid: f28cd2f7-2819-4dfa-a768-72d269cf68ff
langcode: en
status: true
dependencies:
  module:
    - menu_force
    - menu_ui
    - node_revision_delete
    - node_title_help_text
third_party_settings:
  menu_ui:
    available_menus:
      - outreach-and-events
      - va-alaska-health-care
      - va-albany-health-care
      - va-alexandria-health-care
      - va-altoona-health-care
      - va-amarillo-health-care
      - va-ann-arbor-health-care
      - va-asheville-health-care
      - va-atlanta-health-care
      - va-augusta-health-care
      - va-battle-creek-health-care
      - va-bay-pines-health-care
      - va-beckley-health-care
      - va-bedford-health-care
      - va-birmingham-health-care
      - va-black-hills-health-care
      - va-boise-health-care
      - va-boston-health-care
      - va-bronx-health-care
      - va-butler-health-care
      - va-caribbean-health-care
      - va-central-alabama-health-care
      - va-central-arkansas-health-care
      - va-central-california-health-car
      - va-central-iowa-health-care
      - va-central-ohio-health-care
      - va-central-texas-health-care
      - va-central-western-massachusetts
      - va-charleston-health-care
      - va-cheyenne-health-care
      - va-chicago-health-care
      - va-chillicothe-health-care
      - va-cincinnati-health-care
      - va-clarksburg-health-care
      - va-coatesville-health-care
      - va-columbia-missouri-health-care
      - va-columbia-south-carolina-healt
      - va-connecticut-health-care
      - va-dayton-health-care
      - va-detroit-health-care
      - va-dublin-health-care
      - va-durham-health-care
      - va-eastern-colorado-health-care
      - va-eastern-kansas-health-care
      - va-eastern-oklahoma-health-care
      - va-el-paso-health-care
      - va-erie-health-care
      - va-fargo-health-care
      - va-fayetteville-arkansas-health-
      - va-fayetteville-coastal-health-c
      - va-finger-lakes-health-care
      - va-greater-los-angeles-health-ca
      - va-gulf-coast-health-care
      - va-hampton-health-care
      - va-hines-health-care
      - va-houston-health-care
      - va-hudson-valley-health-care
      - va-huntington-health-care
      - va-illiana-health-care
      - va-indiana-health-care
      - va-iowa-city-health-care
      - va-iron-mountain-health-care
      - va-jackson-health-care
      - va-kansas-city-health-care
      - va-leavenworth-health-care
      - va-lebanon
      - va-lexington-health-care
      - va-loma-linda-health-care
      - va-long-beach-health-care
      - va-louisville-health-care
      - va-lovell-fhcc-health-care
      - va-madison-health-care
      - va-maine-health-care
      - va-manchester-health-care
      - va-marion-health-care
      - va-martinsburg-health-care
      - va-maryland-health-care
      - va-memphis-health-care
      - va-miami-health-care
      - va-milwaukee-health-care
      - va-minneapolis-health-care
      - va-montana-health-care
      - va-mountain-home-health-care
      - va-nebraska-western-iowa-health-
      - va-new-jersey-health-care
      - va-new-mexico-health-care
      - va-new-york-harbor-health-care
      - va-north-florida-health-care
      - va-north-texas-health-care
      - va-northeast-ohio-health-care
      - va-northern-arizona-health-care
      - va-northern-california-health-ca
      - va-northern-indiana-health-care
      - va-northport-health-care
      - va-oklahoma-health-care
      - va-orlando-health-care
      - va-pacific-islands-health-care
      - va-palo-alto-health-care
      - va-philadelphia-health-care
      - va-phoenix-health-care
      - pittsburgh-health-care
      - va-poplar-bluff-health-care
      - va-portland-health-care
      - va-providence-health-care
      - va-puget-sound-health-care
      - va-richmond-health-care
      - va-roseburg-health-care
      - va-saginaw-health-care
      - va-salem-health-care
      - va-salisbury-health-care
      - va-salt-lake-city-health-care
      - va-san-diego-health-care
      - va-san-francisco-health-care
      - va-sheridan-health-care
      - va-shreveport-health-care
      - va-sierra-nevada-health-care
      - va-sioux-falls-health-care
      - va-south-texas-health-care
      - va-southeast-louisiana-health-ca
      - va-southern-arizona-health-care
      - va-southern-nevada-health-care
      - va-southern-oregon-health-care
      - va-spokane-health-care
      - va-st-cloud-health-care
      - va-st-louis-health-care
      - va-syracuse-health-care
      - va-tampa-health-care
      - va-tennessee-valley-health-care
      - va-texas-valley-health-care
      - va-tomah-health-care
      - va-topeka-health-care
      - va-tuscaloosa-health-care
      - va-walla-walla-health-care
      - va-washington-dc-health-care
      - va-west-palm-beach-health-care
      - va-west-texas-health-care
      - va-western-colorado-health-care
      - va-western-new-york-health-care
      - va-white-river-junction-health-c
      - va-wichita-health-care
      - va-wilkes-barre-health-care
      - va-wilmington-health-care
    parent: 'outreach-and-events:'
  node_title_help_text:
    title_help: 'Add a page title with sentence case capitalization. (<a href="https://design.va.gov/content-style-guide/page-titles-and-section-titles" target="_blank">See further guidelines</a>). '
  node_revision_delete:
    minimum_revisions_to_keep: 50
    minimum_age_to_delete: 0
    when_to_delete: 0
  menu_force:
    menu_force: 1
    menu_force_parent: 0
name: 'Stories List'
type: story_listing
description: 'A listing of stories.'
help: ''
new_revision: true
preview_mode: 0
display_submitted: false
